_id,checked,grade,orderid,price,pronum,title,weight,year,createTime,navid,picurl
28ee4e3e6050b76c0b014bdb0431265a,TRUE,贡眉一级,17,3120/箱,LM-2020018,老树贡眉,3000g,2020年,1615902572903 ,ObjectId(63b9612af5cf3a165a3ccb43),"{""extname"":""jpg"",""fileID"":""https://mp-0cb878b7-99ec-44ea-8246-12b123304b05.cdn.bspapp.com/cloudstorage/e01e773b-6ff8-4bfd-9d81-130eb7f2f5b8.jpg"",""fileType"":""image"",""image"":{""height"":460,""location"":""blob:http://localhost:8080/c1c5270e-d97a-48ed-9c4d-c61ab70b473b"",""width"":460},""name"":""老树贡眉.jpg"",""path"":""https://mp-0cb878b7-99ec-44ea-8246-12b123304b05.cdn.bspapp.com/cloudstorage/e01e773b-6ff8-4bfd-9d81-130eb7f2f5b8.jpg"",""size"":37549,""url"":""https://mp-0cb878b7-99ec-44ea-8246-12b123304b05.cdn.bspapp.com/cloudstorage/e01e773b-6ff8-4bfd-9d81-130eb7f2f5b8.jpg""}"
b00064a7605066820a490d240d78c4af,TRUE,寿眉一级,9,566/饼,LM-20207155,新款蓝印,300g,2017年,1615881858249 ,ObjectId(63b9600be1a35c358c18483b),"{""extname"":""jpg"",""fileID"":""https://mp-0cb878b7-99ec-44ea-8246-12b123304b05.cdn.bspapp.com/cloudstorage/8ba63c98-0c45-49ec-a343-2d940d85e283.jpg"",""fileType"":""image"",""image"":{""height"":460,""location"":""blob:http://localhost:8080/dc527493-da81-455b-a4d8-5aa8007bc9ca"",""width"":460},""name"":""新款蓝印.jpg"",""path"":""https://mp-0cb878b7-99ec-44ea-8246-12b123304b05.cdn.bspapp.com/cloudstorage/8ba63c98-0c45-49ec-a343-2d940d85e283.jpg"",""size"":33912,""url"":""https://mp-0cb878b7-99ec-44ea-8246-12b123304b05.cdn.bspapp.com/cloudstorage/8ba63c98-0c45-49ec-a343-2d940d85e283.jpg""}"
28ee4e3e6050598b0af006d25246ec3f,TRUE,白毫银针一级,20,5208/饼,LM-20197099,六妙紫印,300g,2016年,1615878539014 ,ObjectId(63b9600be1a35c358c18483b),"{""extname"":""jpg"",""fileID"":""https://mp-0cb878b7-99ec-44ea-8246-12b123304b05.cdn.bspapp.com/cloudstorage/5ca361b2-0a6f-4dcc-94e5-fcccae33d112.jpg"",""fileType"":""image"",""image"":{""height"":460,""location"":""blob:http://localhost:8080/5d8fb90e-c849-4a15-9e6b-5c633758ca49"",""width"":460},""name"":""六妙紫印.jpg"",""path"":""https://mp-0cb878b7-99ec-44ea-8246-12b123304b05.cdn.bspapp.com/cloudstorage/5ca361b2-0a6f-4dcc-94e5-fcccae33d112.jpg"",""size"":41127,""url"":""https://mp-0cb878b7-99ec-44ea-8246-12b123304b05.cdn.bspapp.com/cloudstorage/5ca361b2-0a6f-4dcc-94e5-fcccae33d112.jpg""}"
79550af26050b15d0a6277bf4d50e247,TRUE,贡眉丨陈皮,6,599/罐,LM-2020010,十年陈皮老白茶,36g,2010年,1615901021604 ,ObjectId(63b960abf5cf3a165a3cb9db),"{""extname"":""jpg"",""fileID"":""https://mp-0cb878b7-99ec-44ea-8246-12b123304b05.cdn.bspapp.com/cloudstorage/20dd4928-cb26-4876-8b80-f55036ec70a5.jpg"",""fileType"":""image"",""image"":{""height"":460,""location"":""blob:http://localhost:8080/37b124af-d59c-4dce-b6f3-96ec9dbb8578"",""width"":460},""name"":""十年陈皮老白茶.jpg"",""path"":""https://mp-0cb878b7-99ec-44ea-8246-12b123304b05.cdn.bspapp.com/cloudstorage/20dd4928-cb26-4876-8b80-f55036ec70a5.jpg"",""size"":46147,""url"":""https://mp-0cb878b7-99ec-44ea-8246-12b123304b05.cdn.bspapp.com/cloudstorage/20dd4928-cb26-4876-8b80-f55036ec70a5.jpg""}"
79550af26050b9910a636f961c7aa464,TRUE,寿眉一级,10,626/盒,LM-201811,寿眉散茶,400g,2015年,1615903121682 ,ObjectId(63b9612af5cf3a165a3ccb43),"{""extname"":""jpg"",""fileID"":""https://mp-0cb878b7-99ec-44ea-8246-12b123304b05.cdn.bspapp.com/cloudstorage/92033cec-066b-4e32-9607-206466ff7588.jpg"",""fileType"":""image"",""image"":{""height"":460,""location"":""blob:http://localhost:8080/41717126-bee9-49ef-86e6-bcfa372ee5c3"",""width"":460},""name"":""寿眉散茶.jpg"",""path"":""https://mp-0cb878b7-99ec-44ea-8246-12b123304b05.cdn.bspapp.com/cloudstorage/92033cec-066b-4e32-9607-206466ff7588.jpg"",""size"":38956,""url"":""https://mp-0cb878b7-99ec-44ea-8246-12b123304b05.cdn.bspapp.com/cloudstorage/92033cec-066b-4e32-9607-206466ff7588.jpg""}"
b00064a76050b5de0a5545ee6709a528,TRUE,白牡丹一级,19,8800/箱,LM-2020017,头采白牡丹,3000g,2020年,1615902174105 ,ObjectId(63b9612af5cf3a165a3ccb43),"{""extname"":""jpg"",""fileID"":""https://mp-0cb878b7-99ec-44ea-8246-12b123304b05.cdn.bspapp.com/cloudstorage/d48e6fcb-9bc3-4f79-bd28-98b67b3832ff.jpg"",""fileType"":""image"",""image"":{""height"":460,""location"":""blob:http://localhost:8080/c33cc05f-5ee5-46b0-8e9c-bf44007955f0"",""width"":460},""name"":""头采白牡丹.jpg"",""path"":""https://mp-0cb878b7-99ec-44ea-8246-12b123304b05.cdn.bspapp.com/cloudstorage/d48e6fcb-9bc3-4f79-bd28-98b67b3832ff.jpg"",""size"":37491,""url"":""https://mp-0cb878b7-99ec-44ea-8246-12b123304b05.cdn.bspapp.com/cloudstorage/d48e6fcb-9bc3-4f79-bd28-98b67b3832ff.jpg""}"
28ee4e3e6050b4320b00e94b00e1fb56,TRUE,寿眉一级,10,1466/饼,LM-2019033,有机寿眉,300g,2018年,1615901746535 ,ObjectId(63b96101819ce84216576b1e),"{""extname"":""jpg"",""fileID"":""https://mp-0cb878b7-99ec-44ea-8246-12b123304b05.cdn.bspapp.com/cloudstorage/06ce71f2-ece2-4421-bcb6-77d551bb2ed4.jpg"",""fileType"":""image"",""image"":{""height"":460,""location"":""blob:http://localhost:8080/4a759a21-5473-49a8-a2c7-3d50fcad132f"",""width"":460},""name"":""有机寿眉.jpg"",""path"":""https://mp-0cb878b7-99ec-44ea-8246-12b123304b05.cdn.bspapp.com/cloudstorage/06ce71f2-ece2-4421-bcb6-77d551bb2ed4.jpg"",""size"":52319,""url"":""https://mp-0cb878b7-99ec-44ea-8246-12b123304b05.cdn.bspapp.com/cloudstorage/06ce71f2-ece2-4421-bcb6-77d551bb2ed4.jpg""}"
79550af26050b8120a6348ff639558d2,TRUE,白牡丹二级,16,暂无定价,LM-201837,谷雨牡丹,300g,2017年,1615902738791 ,ObjectId(63b9612af5cf3a165a3ccb43),"{""extname"":""jpg"",""fileID"":""https://mp-0cb878b7-99ec-44ea-8246-12b123304b05.cdn.bspapp.com/cloudstorage/a380f58f-b80f-447a-9544-7d5940c0177e.jpg"",""fileType"":""image"",""image"":{""height"":460,""location"":""blob:http://localhost:8080/bdf093ca-87e1-48c6-9e0b-7d1d590f8ddf"",""width"":460},""name"":""谷雨牡丹.jpg"",""path"":""https://mp-0cb878b7-99ec-44ea-8246-12b123304b05.cdn.bspapp.com/cloudstorage/a380f58f-b80f-447a-9544-7d5940c0177e.jpg"",""size"":51537,""url"":""https://mp-0cb878b7-99ec-44ea-8246-12b123304b05.cdn.bspapp.com/cloudstorage/a380f58f-b80f-447a-9544-7d5940c0177e.jpg""}"
b00064a7605079780a4c12e166462d54,TRUE,白牡丹三级,6,649/饼,LM-2020007,和饼·七彩牡丹,300g,2018年,1615886711933 ,ObjectId(63b96087819ce84216575a3c),"{""extname"":""jpg"",""fileID"":""https://mp-0cb878b7-99ec-44ea-8246-12b123304b05.cdn.bspapp.com/cloudstorage/d7930dae-d75c-4e1c-9892-c3cbea7b8540.jpg"",""fileType"":""image"",""image"":{""height"":460,""location"":""blob:http://localhost:8080/748442c9-6b3b-4ec4-9184-f99bf4980a83"",""width"":460},""name"":""和饼·七彩牡丹.jpg"",""path"":""https://mp-0cb878b7-99ec-44ea-8246-12b123304b05.cdn.bspapp.com/cloudstorage/d7930dae-d75c-4e1c-9892-c3cbea7b8540.jpg"",""size"":43449,""url"":""https://mp-0cb878b7-99ec-44ea-8246-12b123304b05.cdn.bspapp.com/cloudstorage/d7930dae-d75c-4e1c-9892-c3cbea7b8540.jpg""}"
b00064a76050b7b20a55786145a1709d,TRUE,寿眉一级,16,1560/箱,LM-2020019,老树寿眉,3000g,2020年,1615902642010 ,ObjectId(63b9612af5cf3a165a3ccb43),"{""extname"":""jpg"",""fileID"":""https://mp-0cb878b7-99ec-44ea-8246-12b123304b05.cdn.bspapp.com/cloudstorage/bfc36c9c-df29-408a-8a9c-49c1628af15f.jpg"",""fileType"":""image"",""image"":{""height"":460,""location"":""blob:http://localhost:8080/fa35d5a4-7eeb-4808-9624-796bd5ed4358"",""width"":460},""name"":""老树寿眉.jpg"",""path"":""https://mp-0cb878b7-99ec-44ea-8246-12b123304b05.cdn.bspapp.com/cloudstorage/bfc36c9c-df29-408a-8a9c-49c1628af15f.jpg"",""size"":41022,""url"":""https://mp-0cb878b7-99ec-44ea-8246-12b123304b05.cdn.bspapp.com/cloudstorage/bfc36c9c-df29-408a-8a9c-49c1628af15f.jpg""}"
b00064a7605061930a47c2b16fc875e8,TRUE,寿眉一级,15,580/饼,LM-2020002,窖龄老白茶,300g,2015年,1615880595223 ,ObjectId(63b9600be1a35c358c18483b),"{""extname"":""jpg"",""fileID"":""https://mp-0cb878b7-99ec-44ea-8246-12b123304b05.cdn.bspapp.com/cloudstorage/ca83c929-fdf1-4642-a643-e2c7ace3f0f4.jpg"",""fileType"":""image"",""image"":{""height"":460,""location"":""blob:http://localhost:8080/15fda74f-4623-4143-b600-b66c7e2246bd"",""width"":460},""name"":""窖龄老白茶.jpg"",""path"":""https://mp-0cb878b7-99ec-44ea-8246-12b123304b05.cdn.bspapp.com/cloudstorage/ca83c929-fdf1-4642-a643-e2c7ace3f0f4.jpg"",""size"":48502,""url"":""https://mp-0cb878b7-99ec-44ea-8246-12b123304b05.cdn.bspapp.com/cloudstorage/ca83c929-fdf1-4642-a643-e2c7ace3f0f4.jpg""}"
79550af260ab4b6819afbabd45fd9f57,TRUE,白毫银针一级,1,7376/盒,LM-2021006,六妙白毫银针,500g,2021年,1621838696535 ,ObjectId(63b9600be1a35c358c18483b),"{""extname"":""jpg"",""fileID"":""https://mp-0cb878b7-99ec-44ea-8246-12b123304b05.cdn.bspapp.com/cloudstorage/7c138fe7-b875-4db3-b4f8-6d162abda117.jpg"",""fileType"":""image"",""image"":{""height"":460,""location"":""blob:http://localhost:8080/b282faf1-5ad5-4714-a05c-96720bf17556"",""width"":460},""name"":""六妙白毫银针.jpg"",""path"":""https://mp-0cb878b7-99ec-44ea-8246-12b123304b05.cdn.bspapp.com/cloudstorage/7c138fe7-b875-4db3-b4f8-6d162abda117.jpg"",""size"":46911,""url"":""https://mp-0cb878b7-99ec-44ea-8246-12b123304b05.cdn.bspapp.com/cloudstorage/7c138fe7-b875-4db3-b4f8-6d162abda117.jpg""}"
79550af26050b26b0a629bba4ab47287,TRUE,贡眉一级,9,1732/条,J-LM161703,砖为你来·花香贡眉,45gX9盒,2016年,1615901291596 ,ObjectId(63b960bb819ce8421657614a),"{""extname"":""jpg"",""fileID"":""https://mp-0cb878b7-99ec-44ea-8246-12b123304b05.cdn.bspapp.com/cloudstorage/4821912f-9dcc-4974-b18d-a187533f1de7.jpg"",""fileType"":""image"",""image"":{""height"":460,""location"":""blob:http://localhost:8080/148d9758-13f9-4b52-a1d7-a75e3b818e0c"",""width"":460},""name"":""砖为你来·花香贡眉.jpg"",""path"":""https://mp-0cb878b7-99ec-44ea-8246-12b123304b05.cdn.bspapp.com/cloudstorage/4821912f-9dcc-4974-b18d-a187533f1de7.jpg"",""size"":29955,""url"":""https://mp-0cb878b7-99ec-44ea-8246-12b123304b05.cdn.bspapp.com/cloudstorage/4821912f-9dcc-4974-b18d-a187533f1de7.jpg""}"
79550af26050b9300a6366120bae854d,TRUE,福鼎白茶,13,17188/套,QS-LM612,华茶壹号,1500g,2012年,1615903024299 ,ObjectId(63b9612af5cf3a165a3ccb43),"{""extname"":""jpg"",""fileID"":""https://mp-0cb878b7-99ec-44ea-8246-12b123304b05.cdn.bspapp.com/cloudstorage/1d7a109d-fcca-4032-8406-1a90d53d5a42.jpg"",""fileType"":""image"",""image"":{""height"":460,""location"":""blob:http://localhost:8080/a710ebd4-f3a7-4dba-80d9-7ed807f9c160"",""width"":460},""name"":""华茶壹号.jpg"",""path"":""https://mp-0cb878b7-99ec-44ea-8246-12b123304b05.cdn.bspapp.com/cloudstorage/1d7a109d-fcca-4032-8406-1a90d53d5a42.jpg"",""size"":36503,""url"":""https://mp-0cb878b7-99ec-44ea-8246-12b123304b05.cdn.bspapp.com/cloudstorage/1d7a109d-fcca-4032-8406-1a90d53d5a42.jpg""}"
28ee4e3e605074aa0af677906c3b80fe,TRUE,一级贡眉,10,566元/饼,LM-2020051,喜上眉梢,300g,2017年,1615885482157 ,ObjectId(63b96087819ce84216575a3c),"{""extname"":""jpg"",""fileID"":""https://mp-0cb878b7-99ec-44ea-8246-12b123304b05.cdn.bspapp.com/cloudstorage/ce6677e1-27b0-47d1-8b16-1b5b8157730f.jpg"",""fileType"":""image"",""image"":{""height"":460,""location"":""blob:http://localhost:8080/e24a1621-b99e-45fa-b05c-38b0059c8b12"",""width"":460},""name"":""喜上眉梢.jpg"",""path"":""https://mp-0cb878b7-99ec-44ea-8246-12b123304b05.cdn.bspapp.com/cloudstorage/ce6677e1-27b0-47d1-8b16-1b5b8157730f.jpg"",""size"":63646,""url"":""https://mp-0cb878b7-99ec-44ea-8246-12b123304b05.cdn.bspapp.com/cloudstorage/ce6677e1-27b0-47d1-8b16-1b5b8157730f.jpg""}"
b00064a76050b30f0a54f3aa0aa253d2,TRUE,贡眉一级,10,760/袋,J-LM201725,立秋茶,150gX2饼,2017年,1615901455430 ,ObjectId(63b960ebf5cf3a165a3cc27f),"{""extname"":""jpg"",""fileID"":""https://mp-0cb878b7-99ec-44ea-8246-12b123304b05.cdn.bspapp.com/cloudstorage/d2bd5dd8-e926-4174-89e9-a744b0877767.jpg"",""fileType"":""image"",""image"":{""height"":460,""location"":""blob:http://localhost:8080/e97daa18-db8e-47ac-80bb-3a040987685e"",""width"":460},""name"":""立秋茶.jpg"",""path"":""https://mp-0cb878b7-99ec-44ea-8246-12b123304b05.cdn.bspapp.com/cloudstorage/d2bd5dd8-e926-4174-89e9-a744b0877767.jpg"",""size"":27448,""url"":""https://mp-0cb878b7-99ec-44ea-8246-12b123304b05.cdn.bspapp.com/cloudstorage/d2bd5dd8-e926-4174-89e9-a744b0877767.jpg""}"
b00064a76050b1070a54b11504604c16,TRUE,寿眉丨陈皮,7,358/罐,LM-2020013,七年宝（2013年）,60g,2013年,1615900934756 ,ObjectId(63b960abf5cf3a165a3cb9db),"{""extname"":""jpg"",""fileID"":""https://mp-0cb878b7-99ec-44ea-8246-12b123304b05.cdn.bspapp.com/cloudstorage/c6934631-9275-4d47-b062-2e74e8e95b5f.jpg"",""fileType"":""image"",""image"":{""height"":460,""location"":""blob:http://localhost:8080/db4193ce-fecc-4d14-a8a1-91f5c855e014"",""width"":460},""name"":""七年宝（2013年）.jpg"",""path"":""https://mp-0cb878b7-99ec-44ea-8246-12b123304b05.cdn.bspapp.com/cloudstorage/c6934631-9275-4d47-b062-2e74e8e95b5f.jpg"",""size"":38463,""url"":""https://mp-0cb878b7-99ec-44ea-8246-12b123304b05.cdn.bspapp.com/cloudstorage/c6934631-9275-4d47-b062-2e74e8e95b5f.jpg""}"
b00064a76050b3cd0a550ad50b996430,TRUE,寿眉二级,9,328/袋,J-LM201728,寒露茶,150gX2饼,2017年,1615901645093 ,ObjectId(63b960ebf5cf3a165a3cc27f),"{""extname"":""jpg"",""fileID"":""https://mp-0cb878b7-99ec-44ea-8246-12b123304b05.cdn.bspapp.com/cloudstorage/894101b2-31f8-43ba-bdc5-b42af702066f.jpg"",""fileType"":""image"",""image"":{""height"":460,""location"":""blob:http://localhost:8080/3a1ea254-a7ab-4f6e-8311-f249deafb6f8"",""width"":460},""name"":""寒露茶.jpg"",""path"":""https://mp-0cb878b7-99ec-44ea-8246-12b123304b05.cdn.bspapp.com/cloudstorage/894101b2-31f8-43ba-bdc5-b42af702066f.jpg"",""size"":34266,""url"":""https://mp-0cb878b7-99ec-44ea-8246-12b123304b05.cdn.bspapp.com/cloudstorage/894101b2-31f8-43ba-bdc5-b42af702066f.jpg""}"
28ee4e3e60505dbe0af0e6a30739bb36,TRUE,贡眉一级,16,926/饼,LM-20197088,六妙黄印,300g,2016年,1615879614400 ,ObjectId(63b9600be1a35c358c18483b),"{""extname"":""jpg"",""fileID"":""https://mp-0cb878b7-99ec-44ea-8246-12b123304b05.cdn.bspapp.com/cloudstorage/c06d9b1c-5cb1-4d29-8515-d47658b467a5.jpg"",""fileType"":""image"",""image"":{""height"":460,""location"":""blob:http://localhost:8080/2821e578-b118-4035-b525-1f0c6bc4e152"",""width"":460},""name"":""六妙黄印.jpg"",""path"":""https://mp-0cb878b7-99ec-44ea-8246-12b123304b05.cdn.bspapp.com/cloudstorage/c06d9b1c-5cb1-4d29-8515-d47658b467a5.jpg"",""size"":40871,""url"":""https://mp-0cb878b7-99ec-44ea-8246-12b123304b05.cdn.bspapp.com/cloudstorage/c06d9b1c-5cb1-4d29-8515-d47658b467a5.jpg""}"
79550af2605065680a564ca22c991f8f,TRUE,白牡丹一级,12,1776/饼,LM-20207166,新款大红印,300g,2017年,1615881576108 ,,"{""extname"":""jpg"",""fileID"":""https://mp-0cb878b7-99ec-44ea-8246-12b123304b05.cdn.bspapp.com/cloudstorage/4541b3e5-0ffe-4753-b3e9-579940beb0b7.jpg"",""fileType"":""image"",""image"":{""height"":460,""location"":""blob:http://localhost:8080/2b2f1c0a-1075-48fe-8eed-0385d5189a8b"",""width"":460},""name"":""新款大红印.jpg"",""path"":""https://mp-0cb878b7-99ec-44ea-8246-12b123304b05.cdn.bspapp.com/cloudstorage/4541b3e5-0ffe-4753-b3e9-579940beb0b7.jpg"",""size"":27933,""url"":""https://mp-0cb878b7-99ec-44ea-8246-12b123304b05.cdn.bspapp.com/cloudstorage/4541b3e5-0ffe-4753-b3e9-579940beb0b7.jpg""}"
b00064a76050b4960a5522dc4f10cc9a,TRUE,白牡丹二级,9,1900/饼,LM-2020037,有机白牡丹,300g,2019年,1615901846060 ,ObjectId(63b96101819ce84216576b1e),"{""extname"":""jpg"",""fileID"":""https://mp-0cb878b7-99ec-44ea-8246-12b123304b05.cdn.bspapp.com/cloudstorage/7d55006c-db87-4bec-865a-21b611981db6.jpg"",""fileType"":""image"",""image"":{""height"":460,""location"":""blob:http://localhost:8080/84ee0eb1-517b-4e24-976d-e3038de7f635"",""width"":460},""name"":""有机白牡丹.jpg"",""path"":""https://mp-0cb878b7-99ec-44ea-8246-12b123304b05.cdn.bspapp.com/cloudstorage/7d55006c-db87-4bec-865a-21b611981db6.jpg"",""size"":43394,""url"":""https://mp-0cb878b7-99ec-44ea-8246-12b123304b05.cdn.bspapp.com/cloudstorage/7d55006c-db87-4bec-865a-21b611981db6.jpg""}"
79550af260ab47ef19ae99816311552f,TRUE,白毫银针一级,21,23610/箱,LM-2021010,白毫银针,3000g,2021年,1621837807034 ,ObjectId(63b9612af5cf3a165a3ccb43),"{""extname"":""jpg"",""fileID"":""https://mp-0cb878b7-99ec-44ea-8246-12b123304b05.cdn.bspapp.com/cloudstorage/91ca4600-2fdd-423b-bce0-32f1a5bc88a6.jpg"",""fileType"":""image"",""image"":{""height"":460,""location"":""blob:http://localhost:8080/f310c037-4e1d-473a-9cee-7bb638eeb686"",""width"":460},""name"":""白毫银针.jpg"",""path"":""https://mp-0cb878b7-99ec-44ea-8246-12b123304b05.cdn.bspapp.com/cloudstorage/91ca4600-2fdd-423b-bce0-32f1a5bc88a6.jpg"",""size"":34606,""url"":""https://mp-0cb878b7-99ec-44ea-8246-12b123304b05.cdn.bspapp.com/cloudstorage/91ca4600-2fdd-423b-bce0-32f1a5bc88a6.jpg""}"
b00064a760507b8c0a4c4fe557f31c26,TRUE,寿眉一级,8,676/砖,LM-2020015,陆羽砖·老树寿眉,300g,2016年,1615887244233 ,ObjectId(63b960abf5cf3a165a3cb9db),"{""extname"":""jpg"",""fileID"":""https://mp-0cb878b7-99ec-44ea-8246-12b123304b05.cdn.bspapp.com/cloudstorage/952212ad-a99e-4e68-affa-622befbd79de.jpg"",""fileType"":""image"",""image"":{""height"":460,""location"":""blob:http://localhost:8080/2705a476-3edc-43b8-b1d1-159a87b1e243"",""width"":460},""name"":""陆羽砖·老树寿眉.jpg"",""path"":""https://mp-0cb878b7-99ec-44ea-8246-12b123304b05.cdn.bspapp.com/cloudstorage/952212ad-a99e-4e68-affa-622befbd79de.jpg"",""size"":57752,""url"":""https://mp-0cb878b7-99ec-44ea-8246-12b123304b05.cdn.bspapp.com/cloudstorage/952212ad-a99e-4e68-affa-622befbd79de.jpg""}"
b00064a7605064450a487fb0786d94e8,TRUE,白牡丹三级,13,2166/饼,LM-20207133,新款金印,300g,2014年,1615881285118 ,ObjectId(63b96087819ce84216575a3c),"{""extname"":""jpg"",""fileID"":""https://mp-0cb878b7-99ec-44ea-8246-12b123304b05.cdn.bspapp.com/cloudstorage/1b8af8b4-3f84-44b6-a33b-1a34227d7abc.jpg"",""fileType"":""image"",""image"":{""height"":460,""location"":""blob:http://localhost:8080/29347735-4d96-42fd-b1b8-098427681081"",""width"":460},""name"":""新款金印.jpg"",""path"":""https://mp-0cb878b7-99ec-44ea-8246-12b123304b05.cdn.bspapp.com/cloudstorage/1b8af8b4-3f84-44b6-a33b-1a34227d7abc.jpg"",""size"":32160,""url"":""https://mp-0cb878b7-99ec-44ea-8246-12b123304b05.cdn.bspapp.com/cloudstorage/1b8af8b4-3f84-44b6-a33b-1a34227d7abc.jpg""}"
b00064a760507c630a4c65c477d39aae,TRUE,白牡丹三级,5,1948/饼,LM-2019009,第二届数字中国峰会纪念饼(礼盒),500g,2015年,1615887459525 ,ObjectId(63b9609c819ce84216575d11),"{""extname"":""jpg"",""fileID"":""https://mp-0cb878b7-99ec-44ea-8246-12b123304b05.cdn.bspapp.com/cloudstorage/86ae7ef0-f288-490c-b5e6-509b0b35c522.jpg"",""fileType"":""image"",""image"":{""height"":460,""location"":""blob:http://localhost:8080/25b9c8d0-dd36-4ed8-acb1-814e67bced76"",""width"":460},""name"":""第二届数字中国峰会纪念饼(礼盒).jpg"",""path"":""https://mp-0cb878b7-99ec-44ea-8246-12b123304b05.cdn.bspapp.com/cloudstorage/86ae7ef0-f288-490c-b5e6-509b0b35c522.jpg"",""size"":64426,""url"":""https://mp-0cb878b7-99ec-44ea-8246-12b123304b05.cdn.bspapp.com/cloudstorage/86ae7ef0-f288-490c-b5e6-509b0b35c522.jpg""}"
79550af26050b86e0a63517a07b95983,TRUE,贡眉一级,15,暂无定价,LM-201838,白露贡眉,300g,2017年,1615902830308 ,ObjectId(63b9612af5cf3a165a3ccb43),"{""extname"":""jpg"",""fileID"":""https://mp-0cb878b7-99ec-44ea-8246-12b123304b05.cdn.bspapp.com/cloudstorage/ab662b67-9a47-48a8-8ad1-6f8ec54a586e.jpg"",""fileType"":""image"",""image"":{""height"":460,""location"":""blob:http://localhost:8080/1ee6337a-faf0-4d69-b355-52e16e636e8b"",""width"":460},""name"":""白露贡眉.jpg"",""path"":""https://mp-0cb878b7-99ec-44ea-8246-12b123304b05.cdn.bspapp.com/cloudstorage/ab662b67-9a47-48a8-8ad1-6f8ec54a586e.jpg"",""size"":49193,""url"":""https://mp-0cb878b7-99ec-44ea-8246-12b123304b05.cdn.bspapp.com/cloudstorage/ab662b67-9a47-48a8-8ad1-6f8ec54a586e.jpg""}"
79550af260505d640a53dad62f97db07,TRUE,白牡丹三级,17,1346/饼,LM-20197077,六妙绿印,300g,2016年,1615879524142 ,ObjectId(63b9600be1a35c358c18483b),"{""extname"":""jpg"",""fileID"":""https://mp-0cb878b7-99ec-44ea-8246-12b123304b05.cdn.bspapp.com/cloudstorage/00f6542a-77c2-4d4a-bace-fbf6115989bf.jpg"",""fileType"":""image"",""image"":{""height"":460,""location"":""blob:http://localhost:8080/c58c9cc9-a64c-45f8-b4d2-d8651a148b7c"",""width"":460},""name"":""六妙绿印.jpg"",""path"":""https://mp-0cb878b7-99ec-44ea-8246-12b123304b05.cdn.bspapp.com/cloudstorage/00f6542a-77c2-4d4a-bace-fbf6115989bf.jpg"",""size"":38826,""url"":""https://mp-0cb878b7-99ec-44ea-8246-12b123304b05.cdn.bspapp.com/cloudstorage/00f6542a-77c2-4d4a-bace-fbf6115989bf.jpg""}"
b00064a7605063960a483cf344d885c0,TRUE,白毫银针一级,14,5150/饼,LM-20207199,新款紫印,300g,2017年,1615881110125 ,ObjectId(63b9600be1a35c358c18483b),"{""extname"":""jpg"",""fileID"":""https://mp-0cb878b7-99ec-44ea-8246-12b123304b05.cdn.bspapp.com/cloudstorage/cc38dd9c-0063-4a0f-9b59-dd66949d4fc4.jpg"",""fileType"":""image"",""image"":{""height"":460,""location"":""blob:http://localhost:8080/9d034b10-f398-4466-b6a7-1fedcda7affc"",""width"":460},""name"":""新款紫印.jpg"",""path"":""https://mp-0cb878b7-99ec-44ea-8246-12b123304b05.cdn.bspapp.com/cloudstorage/cc38dd9c-0063-4a0f-9b59-dd66949d4fc4.jpg"",""size"":29723,""url"":""https://mp-0cb878b7-99ec-44ea-8246-12b123304b05.cdn.bspapp.com/cloudstorage/cc38dd9c-0063-4a0f-9b59-dd66949d4fc4.jpg""}"
28ee4e3e60505c340af0a0f53d58d9a2,TRUE,白牡丹三级,19,2512/饼,LM-20197033,六妙金印,300g,2013年,1615879220614 ,ObjectId(63b9600be1a35c358c18483b),"{""extname"":""jpg"",""fileID"":""https://mp-0cb878b7-99ec-44ea-8246-12b123304b05.cdn.bspapp.com/cloudstorage/8db8cec4-18bf-4e8c-8531-2cde9b3a1ca3.jpg"",""fileType"":""image"",""image"":{""height"":460,""location"":""blob:http://localhost:8080/22b6d693-4ad9-4f4b-bd69-e6f4631bd122"",""width"":460},""name"":""六妙金印.jpg"",""path"":""https://mp-0cb878b7-99ec-44ea-8246-12b123304b05.cdn.bspapp.com/cloudstorage/8db8cec4-18bf-4e8c-8531-2cde9b3a1ca3.jpg"",""size"":39197,""url"":""https://mp-0cb878b7-99ec-44ea-8246-12b123304b05.cdn.bspapp.com/cloudstorage/8db8cec4-18bf-4e8c-8531-2cde9b3a1ca3.jpg""}"
79550af26050b9d00a6375ad20319360,TRUE,贡眉一级,9,936/盒,LM-201810,贡眉散茶,400g,2015年,1615903184713 ,ObjectId(63b9612af5cf3a165a3ccb43),"{""extname"":""jpg"",""fileID"":""https://mp-0cb878b7-99ec-44ea-8246-12b123304b05.cdn.bspapp.com/cloudstorage/c98d29a6-1800-40db-b518-c3eda8e4d5ae.jpg"",""fileType"":""image"",""image"":{""height"":460,""location"":""blob:http://localhost:8080/08e55d19-1398-4361-a121-242f0fdffcc8"",""width"":460},""name"":""贡眉散茶.jpg"",""path"":""https://mp-0cb878b7-99ec-44ea-8246-12b123304b05.cdn.bspapp.com/cloudstorage/c98d29a6-1800-40db-b518-c3eda8e4d5ae.jpg"",""size"":39274,""url"":""https://mp-0cb878b7-99ec-44ea-8246-12b123304b05.cdn.bspapp.com/cloudstorage/c98d29a6-1800-40db-b518-c3eda8e4d5ae.jpg""}"
28ee4e3e60507a2f0af735f57087eaa5,TRUE,贡眉一级,4,1949/饼,LM-201868,改革开放四十周年纪念茶,300g,2011年,1615886895454 ,ObjectId(63b96087819ce84216575a3c),"{""extname"":""jpg"",""fileID"":""https://mp-0cb878b7-99ec-44ea-8246-12b123304b05.cdn.bspapp.com/cloudstorage/341323b3-68b3-4ef7-bcd5-5c26f09a3475.jpg"",""fileType"":""image"",""image"":{""height"":460,""location"":""blob:http://localhost:8080/dd75310f-b07f-46bf-b483-479a06444755"",""width"":460},""name"":""改革开放四十周年纪念茶.jpg"",""path"":""https://mp-0cb878b7-99ec-44ea-8246-12b123304b05.cdn.bspapp.com/cloudstorage/341323b3-68b3-4ef7-bcd5-5c26f09a3475.jpg"",""size"":35294,""url"":""https://mp-0cb878b7-99ec-44ea-8246-12b123304b05.cdn.bspapp.com/cloudstorage/341323b3-68b3-4ef7-bcd5-5c26f09a3475.jpg""}"
b00064a760507bd60a4c578157312f33,TRUE,福鼎白茶,7,2536/套,LM-2019026,大美河山,1000g,2016年,1615887318021 ,ObjectId(63b9609c819ce84216575d11),"{""extname"":""jpg"",""fileID"":""https://mp-0cb878b7-99ec-44ea-8246-12b123304b05.cdn.bspapp.com/cloudstorage/aa5a2ec5-fbc0-43b3-ae65-4fc0e99ba684.jpg"",""fileType"":""image"",""image"":{""height"":460,""location"":""blob:http://localhost:8080/364b70a8-f85f-420b-8fed-1a2ec4e69159"",""width"":460},""name"":""大美河山.jpg"",""path"":""https://mp-0cb878b7-99ec-44ea-8246-12b123304b05.cdn.bspapp.com/cloudstorage/aa5a2ec5-fbc0-43b3-ae65-4fc0e99ba684.jpg"",""size"":37851,""url"":""https://mp-0cb878b7-99ec-44ea-8246-12b123304b05.cdn.bspapp.com/cloudstorage/aa5a2ec5-fbc0-43b3-ae65-4fc0e99ba684.jpg""}"
b00064a760507acd0a4c3a6e73bf331d,TRUE,LM-2020060,10,2208/套,LM-2020060,煮荼老白茶,266gX3,2017年,1615887053366 ,ObjectId(63b9609c819ce84216575d11),"{""extname"":""jpg"",""fileID"":""https://mp-0cb878b7-99ec-44ea-8246-12b123304b05.cdn.bspapp.com/cloudstorage/500411aa-11ca-434a-9be4-af0e08827ead.jpg"",""fileType"":""image"",""image"":{""height"":460,""location"":""blob:http://localhost:8080/0b5a1293-cbb7-4151-ba3a-160efd028539"",""width"":460},""name"":""煮荼老白茶.jpg"",""path"":""https://mp-0cb878b7-99ec-44ea-8246-12b123304b05.cdn.bspapp.com/cloudstorage/500411aa-11ca-434a-9be4-af0e08827ead.jpg"",""size"":36430,""url"":""https://mp-0cb878b7-99ec-44ea-8246-12b123304b05.cdn.bspapp.com/cloudstorage/500411aa-11ca-434a-9be4-af0e08827ead.jpg""}"
28ee4e3e605065ce0af3fcda2e02b6bd,TRUE,白牡丹三级,11,1126/饼,LM-20207177,新款绿印,300g,2017年,1615881678738 ,ObjectId(63b9600be1a35c358c18483b),"{""extname"":""jpg"",""fileID"":""https://mp-0cb878b7-99ec-44ea-8246-12b123304b05.cdn.bspapp.com/cloudstorage/6b2356c3-7fb2-473b-98d1-96a7f2e486b7.jpg"",""fileType"":""image"",""image"":{""height"":460,""location"":""blob:http://localhost:8080/63a61937-dba4-45d5-9a4a-9b55700c84c3"",""width"":460},""name"":""新款绿印.jpg"",""path"":""https://mp-0cb878b7-99ec-44ea-8246-12b123304b05.cdn.bspapp.com/cloudstorage/6b2356c3-7fb2-473b-98d1-96a7f2e486b7.jpg"",""size"":30720,""url"":""https://mp-0cb878b7-99ec-44ea-8246-12b123304b05.cdn.bspapp.com/cloudstorage/6b2356c3-7fb2-473b-98d1-96a7f2e486b7.jpg""}"
28ee4e3e6050b4ea0b00feca131b19fe,TRUE,福鼎白茶,10,5850/套,LM-2020001,十二生肖,300gX12砖,2017年,1615901930131 ,ObjectId(63b9611af5cf3a165a3cc88d),"{""extname"":""jpg"",""fileID"":""https://mp-0cb878b7-99ec-44ea-8246-12b123304b05.cdn.bspapp.com/cloudstorage/62e32811-fc98-4bad-adcb-39c1d759d9b8.jpg"",""fileType"":""image"",""image"":{""height"":460,""location"":""blob:http://localhost:8080/9a6889ab-0dcb-4527-84d3-d75108e246c0"",""width"":460},""name"":""十二生肖.jpg"",""path"":""https://mp-0cb878b7-99ec-44ea-8246-12b123304b05.cdn.bspapp.com/cloudstorage/62e32811-fc98-4bad-adcb-39c1d759d9b8.jpg"",""size"":42107,""url"":""https://mp-0cb878b7-99ec-44ea-8246-12b123304b05.cdn.bspapp.com/cloudstorage/62e32811-fc98-4bad-adcb-39c1d759d9b8.jpg""}"
b00064a76050b1c80a54c9fe06ea445a,TRUE,贡眉丨陈皮,10,779/饼,LM-2019003,入门饼,300g,2015年,1615901127847 ,ObjectId(63b960bb819ce8421657614a),"{""extname"":""jpg"",""fileID"":""https://mp-0cb878b7-99ec-44ea-8246-12b123304b05.cdn.bspapp.com/cloudstorage/dc4bc9e2-b9c5-4e20-991e-85a8c1a10708.jpg"",""fileType"":""image"",""image"":{""height"":460,""location"":""blob:http://localhost:8080/b76c3b19-b503-43cd-8efa-38cd94545fa9"",""width"":460},""name"":""入门饼.jpg"",""path"":""https://mp-0cb878b7-99ec-44ea-8246-12b123304b05.cdn.bspapp.com/cloudstorage/dc4bc9e2-b9c5-4e20-991e-85a8c1a10708.jpg"",""size"":35244,""url"":""https://mp-0cb878b7-99ec-44ea-8246-12b123304b05.cdn.bspapp.com/cloudstorage/dc4bc9e2-b9c5-4e20-991e-85a8c1a10708.jpg""}"
b00064a76050b35b0a54fd503586d564,TRUE,贡眉一级,9,826/袋,J-LM201726,白露茶,150gX2饼,2017年,1615901530877 ,ObjectId(63b960ebf5cf3a165a3cc27f),"{""extname"":""jpg"",""fileID"":""https://mp-0cb878b7-99ec-44ea-8246-12b123304b05.cdn.bspapp.com/cloudstorage/34339bf1-8305-4fd2-ba20-e65b76e780b5.jpg"",""fileType"":""image"",""image"":{""height"":460,""location"":""blob:http://localhost:8080/550d9a7a-e5a6-4d2f-8289-06b795c18e8c"",""width"":460},""name"":""白露茶.jpg"",""path"":""https://mp-0cb878b7-99ec-44ea-8246-12b123304b05.cdn.bspapp.com/cloudstorage/34339bf1-8305-4fd2-ba20-e65b76e780b5.jpg"",""size"":26941,""url"":""https://mp-0cb878b7-99ec-44ea-8246-12b123304b05.cdn.bspapp.com/cloudstorage/34339bf1-8305-4fd2-ba20-e65b76e780b5.jpg""}"
28ee4e3e6050b8c70b0175d20591dcca,TRUE,寿眉一级,14,暂无定价,LM-201839,寒露寿眉,300g,2017年,1615902919243 ,ObjectId(63b9612af5cf3a165a3ccb43),"{""extname"":""jpg"",""fileID"":""https://mp-0cb878b7-99ec-44ea-8246-12b123304b05.cdn.bspapp.com/cloudstorage/bd87a542-ca7b-4d9c-b933-b3666f1dc5a2.jpg"",""fileType"":""image"",""image"":{""height"":460,""location"":""blob:http://localhost:8080/b2f262f4-3200-40cd-a1a7-d54425e6a7bf"",""width"":460},""name"":""寒露寿眉.jpg"",""path"":""https://mp-0cb878b7-99ec-44ea-8246-12b123304b05.cdn.bspapp.com/cloudstorage/bd87a542-ca7b-4d9c-b933-b3666f1dc5a2.jpg"",""size"":52392,""url"":""https://mp-0cb878b7-99ec-44ea-8246-12b123304b05.cdn.bspapp.com/cloudstorage/bd87a542-ca7b-4d9c-b933-b3666f1dc5a2.jpg""}"
79550af26050661c0a5682ea15c03b3f,TRUE,贡眉一级,10,816/饼,LM-20207188,新款黄印,300g,2017年,1615881756804 ,ObjectId(63b9600be1a35c358c18483b),"{""extname"":""jpg"",""fileID"":""https://mp-0cb878b7-99ec-44ea-8246-12b123304b05.cdn.bspapp.com/cloudstorage/b74a352a-8fd3-4bf1-bde4-89602313f2be.jpg"",""fileType"":""image"",""image"":{""height"":460,""location"":""blob:http://localhost:8080/f3f77ad4-00d3-4d53-b40d-5268ec648f71"",""width"":460},""name"":""新款黄印.jpg"",""path"":""https://mp-0cb878b7-99ec-44ea-8246-12b123304b05.cdn.bspapp.com/cloudstorage/b74a352a-8fd3-4bf1-bde4-89602313f2be.jpg"",""size"":32478,""url"":""https://mp-0cb878b7-99ec-44ea-8246-12b123304b05.cdn.bspapp.com/cloudstorage/b74a352a-8fd3-4bf1-bde4-89602313f2be.jpg""}"
79550af260505d0e0a53d1bc09bb7852,TRUE,白牡丹一级,18,1870/饼,LM-20197066,六妙大红印,300g,2016年,1615879438147 ,ObjectId(63b9600be1a35c358c18483b),"{""extname"":""jpg"",""fileID"":""https://mp-0cb878b7-99ec-44ea-8246-12b123304b05.cdn.bspapp.com/cloudstorage/36223633-84a8-4941-a485-ad68fcc5a955.jpg"",""fileType"":""image"",""image"":{""height"":460,""location"":""blob:http://localhost:8080/1c9f42e2-4ecd-4e92-a7f1-4fc7a769e0b8"",""width"":460},""name"":""六妙大红印.jpg"",""path"":""https://mp-0cb878b7-99ec-44ea-8246-12b123304b05.cdn.bspapp.com/cloudstorage/36223633-84a8-4941-a485-ad68fcc5a955.jpg"",""size"":35506,""url"":""https://mp-0cb878b7-99ec-44ea-8246-12b123304b05.cdn.bspapp.com/cloudstorage/36223633-84a8-4941-a485-ad68fcc5a955.jpg""}"
79550af260507b350a59a7e3755f96f3,TRUE,寿眉二级,9,1749/砖,LM-2019019,神农砖·老枞寿眉,666g,2013年,1615887157822 ,ObjectId(63b9609c819ce84216575d11),"{""extname"":""jpg"",""fileID"":""https://mp-0cb878b7-99ec-44ea-8246-12b123304b05.cdn.bspapp.com/cloudstorage/ca8d9d10-87da-4948-9165-8d617152183a.jpg"",""fileType"":""image"",""image"":{""height"":460,""location"":""blob:http://localhost:8080/bebda269-f588-418b-8391-e3d07a58f8de"",""width"":460},""name"":""神农砖·老枞寿眉.jpg"",""path"":""https://mp-0cb878b7-99ec-44ea-8246-12b123304b05.cdn.bspapp.com/cloudstorage/ca8d9d10-87da-4948-9165-8d617152183a.jpg"",""size"":53157,""url"":""https://mp-0cb878b7-99ec-44ea-8246-12b123304b05.cdn.bspapp.com/cloudstorage/ca8d9d10-87da-4948-9165-8d617152183a.jpg""}"
28ee4e3e605078c50af70bfc5a363621,TRUE,三级白牡丹,9,908/饼,LM-2020050,山韵,300g,2017年,1615886533151 ,ObjectId(63b96087819ce84216575a3c),"{""extname"":""jpg"",""fileID"":""https://mp-0cb878b7-99ec-44ea-8246-12b123304b05.cdn.bspapp.com/cloudstorage/720cfc77-8ca4-46f3-b4d8-a932efcad68d.jpg"",""fileType"":""image"",""image"":{""height"":460,""location"":""blob:http://localhost:8080/fa5dcd75-0018-49aa-9abe-08f3a262a8f6"",""width"":460},""name"":""山韵.jpg"",""path"":""https://mp-0cb878b7-99ec-44ea-8246-12b123304b05.cdn.bspapp.com/cloudstorage/720cfc77-8ca4-46f3-b4d8-a932efcad68d.jpg"",""size"":40405,""url"":""https://mp-0cb878b7-99ec-44ea-8246-12b123304b05.cdn.bspapp.com/cloudstorage/720cfc77-8ca4-46f3-b4d8-a932efcad68d.jpg""}"
79550af260507cec0a59d68c0fdb5323,TRUE,白牡丹一级,10,1799/罐,LM-2020011,老茶牡丹（2006年）,36g,2006年,1615887595998 ,ObjectId(63b960abf5cf3a165a3cb9db),"{""extname"":""jpg"",""fileID"":""https://mp-0cb878b7-99ec-44ea-8246-12b123304b05.cdn.bspapp.com/cloudstorage/cab6987a-d99b-450f-8453-80bbd694928c.jpg"",""fileType"":""image"",""image"":{""height"":460,""location"":""blob:http://localhost:8080/1b0e2c33-e314-484d-8266-1808520f1805"",""width"":460},""name"":""老茶牡丹（2006年）.jpg"",""path"":""https://mp-0cb878b7-99ec-44ea-8246-12b123304b05.cdn.bspapp.com/cloudstorage/cab6987a-d99b-450f-8453-80bbd694928c.jpg"",""size"":48077,""url"":""https://mp-0cb878b7-99ec-44ea-8246-12b123304b05.cdn.bspapp.com/cloudstorage/cab6987a-d99b-450f-8453-80bbd694928c.jpg""}"
b00064a7605079130a4c0853228d2b9a,TRUE,三级白牡丹,8,996/饼,LM-2020025,经典66,330gX6饼X2提,2014年,1615886610894 ,ObjectId(63b96087819ce84216575a3c),"{""extname"":""jpg"",""fileID"":""https://mp-0cb878b7-99ec-44ea-8246-12b123304b05.cdn.bspapp.com/cloudstorage/7fb6653c-101c-42e5-92e1-8fb46a7fd8f5.jpg"",""fileType"":""image"",""image"":{""height"":460,""location"":""blob:http://localhost:8080/36cf8ecc-bbb7-4da5-ac21-e29ff158795f"",""width"":460},""name"":""经典66.jpg"",""path"":""https://mp-0cb878b7-99ec-44ea-8246-12b123304b05.cdn.bspapp.com/cloudstorage/7fb6653c-101c-42e5-92e1-8fb46a7fd8f5.jpg"",""size"":38836,""url"":""https://mp-0cb878b7-99ec-44ea-8246-12b123304b05.cdn.bspapp.com/cloudstorage/7fb6653c-101c-42e5-92e1-8fb46a7fd8f5.jpg""}"
79550af26050b5850a6301aa02c0308f,TRUE,白毫银针一级,20,24800/箱,LM-2020016,头采太姥银针,3000g,2020年,1615902084986 ,ObjectId(63b9612af5cf3a165a3ccb43),"{""extname"":""jpg"",""fileID"":""https://mp-0cb878b7-99ec-44ea-8246-12b123304b05.cdn.bspapp.com/cloudstorage/cdaee3fd-60d3-46a4-baad-5ab19c45c2d9.jpg"",""fileType"":""image"",""image"":{""height"":460,""location"":""blob:http://localhost:8080/6e464e98-dd43-4731-81b5-b8208bc0dd4b"",""width"":460},""name"":""头采太姥银针.jpg"",""path"":""https://mp-0cb878b7-99ec-44ea-8246-12b123304b05.cdn.bspapp.com/cloudstorage/cdaee3fd-60d3-46a4-baad-5ab19c45c2d9.jpg"",""size"":35169,""url"":""https://mp-0cb878b7-99ec-44ea-8246-12b123304b05.cdn.bspapp.com/cloudstorage/cdaee3fd-60d3-46a4-baad-5ab19c45c2d9.jpg""}"
28ee4e3e6050b2bd0b00a9215f875e1f,TRUE,贡眉一级,8,626/条,LM-2019002,敲门砖,30gX12盒,2015年,1615901373285 ,ObjectId(63b960bb819ce8421657614a),"{""extname"":""jpg"",""fileID"":""https://mp-0cb878b7-99ec-44ea-8246-12b123304b05.cdn.bspapp.com/cloudstorage/0ef15b71-b9b2-4678-8114-8365fc03a70b.jpg"",""fileType"":""image"",""image"":{""height"":460,""location"":""blob:http://localhost:8080/f95b9963-e513-4271-9af2-9e8bd3b72f48"",""width"":460},""name"":""敲门砖.jpg"",""path"":""https://mp-0cb878b7-99ec-44ea-8246-12b123304b05.cdn.bspapp.com/cloudstorage/0ef15b71-b9b2-4678-8114-8365fc03a70b.jpg"",""size"":35231,""url"":""https://mp-0cb878b7-99ec-44ea-8246-12b123304b05.cdn.bspapp.com/cloudstorage/0ef15b71-b9b2-4678-8114-8365fc03a70b.jpg""}"
b00064a76050ba190a55c8f916a50137,TRUE,白牡丹一级,7,2186/盒,LM-201809,牡丹散茶,500g,2017年,1615903256776 ,ObjectId(63b9612af5cf3a165a3ccb43),"{""extname"":""jpg"",""fileID"":""https://mp-0cb878b7-99ec-44ea-8246-12b123304b05.cdn.bspapp.com/cloudstorage/0fc08727-568f-4680-be16-26008c22c317.jpg"",""fileType"":""image"",""image"":{""height"":460,""location"":""blob:http://localhost:8080/e27b6bf5-04cf-4bce-a89a-823517d780fd"",""width"":460},""name"":""牡丹散茶.jpg"",""path"":""https://mp-0cb878b7-99ec-44ea-8246-12b123304b05.cdn.bspapp.com/cloudstorage/0fc08727-568f-4680-be16-26008c22c317.jpg"",""size"":38700,""url"":""https://mp-0cb878b7-99ec-44ea-8246-12b123304b05.cdn.bspapp.com/cloudstorage/0fc08727-568f-4680-be16-26008c22c317.jpg""}"
b00064a7605079d20a4c1beb5debdb8b,TRUE,寿眉二级,5,1316/饼,LM-201812,蛮荒记·野放茶,300g,2017年,1615886802181 ,ObjectId(63b96087819ce84216575a3c),"{""extname"":""jpg"",""fileID"":""https://mp-0cb878b7-99ec-44ea-8246-12b123304b05.cdn.bspapp.com/cloudstorage/b81950de-00b2-4fae-94e7-2eeeb3e78dec.jpg"",""fileType"":""image"",""image"":{""height"":460,""location"":""blob:http://localhost:8080/c2d4e242-cb75-4dca-9b18-d13745e7db0d"",""width"":460},""name"":""蛮荒记·野放茶.jpg"",""path"":""https://mp-0cb878b7-99ec-44ea-8246-12b123304b05.cdn.bspapp.com/cloudstorage/b81950de-00b2-4fae-94e7-2eeeb3e78dec.jpg"",""size"":48095,""url"":""https://mp-0cb878b7-99ec-44ea-8246-12b123304b05.cdn.bspapp.com/cloudstorage/b81950de-00b2-4fae-94e7-2eeeb3e78dec.jpg""}"
79550af26050b5370a62f9326ec51c9d,TRUE,福鼎白茶,8,2699/套,LM-2021001,新款十二生肖,100gX12盒,2018年,1615902007313 ,ObjectId(63b9611af5cf3a165a3cc88d),"{""extname"":""jpg"",""fileID"":""https://mp-0cb878b7-99ec-44ea-8246-12b123304b05.cdn.bspapp.com/cloudstorage/5428ec4d-6fdf-49f6-8600-43585c1cc91d.jpg"",""fileType"":""image"",""image"":{""height"":460,""location"":""blob:http://localhost:8080/72c88ba5-9822-4a51-80d5-a1a0fe830378"",""width"":460},""name"":""新款十二生肖.jpg"",""path"":""https://mp-0cb878b7-99ec-44ea-8246-12b123304b05.cdn.bspapp.com/cloudstorage/5428ec4d-6fdf-49f6-8600-43585c1cc91d.jpg"",""size"":37611,""url"":""https://mp-0cb878b7-99ec-44ea-8246-12b123304b05.cdn.bspapp.com/cloudstorage/5428ec4d-6fdf-49f6-8600-43585c1cc91d.jpg""}"
